,contig_id,start_position,end_position,tokens
0,1,3,6,AAAA
1,1,7,10,TTTC
2,1,11,13,GAT
3,1,14,21,AAAGTAAA
4,1,22,27,AGATAT
5,1,28,31,CATC
6,1,32,36,GTTGA
7,1,37,39,CCG
8,1,40,45,TTTAGG
9,1,46,51,TGTAGA
10,1,52,53,CG
11,1,54,57,CTGA
12,1,58,64,TAAAGTA
13,1,65,71,ACTGAAG
14,1,72,77,ATGCAT
15,1,78,81,CTTT
16,1,82,87,CAAAGA
17,1,88,93,TGATTT
18,1,94,97,AGGC
19,1,98,101,GCTG
20,1,102,106,ACTCA
21,1,107,112,CTTGAT
22,1,113,117,ATCGC
23,1,118,123,TGAATT
24,1,124,127,AGTA
25,1,128,132,ATGGA
26,1,133,137,ATTAG
27,1,138,142,AAGAC
28,1,143,147,GAGTT
29,1,148,152,TGGTA
30,1,153,159,CTGAAAT
31,1,160,164,TCCTG
32,1,165,170,ATGAAG
33,1,171,177,AAGCTGA
34,1,178,185,AAAAATCA
35,1,186,190,ACACT
36,1,191,195,GTTGG
37,1,196,200,TGATG
38,1,201,206,CTGTTA
39,1,207,213,AATTTAT
40,1,214,219,TAACAG
41,1,220,226,TCTTGAA
